text,rating
Absolutely love this product it works perfectly,5
Best purchase I have made all year,5
Exceeded my expectations in every way,5
Fantastic quality and super fast delivery,5
The staff was friendly and the food was incredible,5
Perfect fit and the material feels premium,5
Amazing sound quality and the battery lasts forever,5
This app changed my daily routine for the better,5
Outstanding service from start to finish,5
I would highly recommend this to anyone,5
Brilliant book I could not put it down,5
The hotel room was spotless and beautifully designed,5
Works like a charm right out of the box,5
Incredible value for such a low price,5
My kids love it and so do I,5
Top notch customer support they resolved my issue in minutes,5
The movie was a masterpiece from beginning to end,5
Delicious food generous portions and lovely atmosphere,5
Five stars is not enough for this gem,5
Shipping was quick and the packaging was beautiful,5
This is exactly what I was looking for,5
Superb build quality and intuitive controls,5
The best coffee in town by far,5
I am extremely satisfied with this purchase,5
Flawless performance no complaints at all,5
Great product though the instructions were a bit unclear,4
Really good quality but delivery took longer than expected,4
Works well and feels solid minor design quirks,4
Very tasty meal although the wait was long,4
Good value for money would buy again,4
Comfortable and lightweight sizing runs slightly small,4
Solid performance for the price,4
Nice hotel clean rooms but thin walls,4
Enjoyed the book although the ending felt rushed,4
Great battery life camera could be better,4
Pretty good app occasional lag on older phones,4
The service was attentive food arrived warm,4
Happy with the purchase packaging could be improved,4
Good movie great acting slow in the middle,4
Reliable and easy to set up,4
Sturdy desk slightly tricky to assemble,4
The flavor was rich portion a little small,4
Decent noise cancellation comfortable ear cups,4
Impressed with the speed storage is a bit limited,4
Well written guide some chapters repeat ideas,4
It is okay nothing special about it,3
Average product does the job but feels cheap,3
Not bad not good just average,3
The food was edible but bland,3
Decent for the price but I expected more,3
Works as described nothing more,3
Some features are useful others feel gimmicky,3
The room was fine but the ac was noisy,3
Mediocre story with a predictable plot,3
It gets the job done most of the time,3
Acceptable quality but overpriced in my opinion,3
The app is functional but the design is dated,3
Service was slow food was alright,3
An okay read dragged in places,3
Mixed feelings good hardware poor software,3
Neither impressed nor disappointed,3
Standard budget option you get what you pay for,3
The coffee was average at best,3
Battery life is so so performance is fine,3
Fair product for casual use only,3
Disappointed with the quality it broke quickly,2
Not what I expected the pictures were misleading,2
The food was cold and tasteless,2
Poor customer service slow responses,2
It works but has many annoying issues,2
Cheap materials and flimsy construction,2
The room was dated and smelled musty,2
Boring movie weak storyline,2
Battery drains way too fast,2
Overpriced for what you get,2
The app crashes several times a day,2
Size runs large fabric feels scratchy,2
Underwhelming flavor tiny portions,2
Difficult to assemble instructions useless,2
Sound quality is muddy at high volume,2
Expected better given the price,2
The delivery was late and box damaged,2
Stopped working after a week,2
Slow laptop terrible trackpad,2
The book failed to hold my interest,2
Terrible product broke after one use,1
Complete waste of money,1
Worst purchase I have ever made,1
Awful experience would never return,1
The food was inedible and the service rude,1
Do not buy this it does not work,1
Malfunctioned on day one no support response,1
Horrible quality returned immediately,1
Absolute garbage avoid at all costs,1
Never arrived and no refund,1
The hotel was filthy and unsafe,1
App is useless keeps crashing on launch,1
Painful to watch walked out halfway,1
Defective item extremely disappointed,1
Scam product nothing like the description,1
